url_path,views_total,views_unique
/ItsAnkitPatel/30-Days-Of-cpp,159,16
/ItsAnkitPatel/30-Days-Of-cpp/blob/main/Journey_so_far.md,105,9
/ItsAnkitPatel/30-Days-Of-cpp/tree/main/Day%2016/Programming,57,1
/ItsAnkitPatel/30-Days-Of-cpp/tree/main/Day%2016,48,1
/ItsAnkitPatel/30-Days-Of-cpp/edit/main/Journey_so_far.md,37,1
/ItsAnkitPatel/30-Days-Of-cpp/edit/main/Day%2016/Programming/Day%2016.2/Readme.md,26,1
/ItsAnkitPatel/30-Days-Of-cpp/find/main,26,1
/ItsAnkitPatel/30-Days-Of-cpp/tree/main/Day%2016/Programming/Day%2016.4/PatternQuest,24,1
/ItsAnkitPatel/30-Days-Of-cpp/upload,24,1
/ItsAnkitPatel/30-Days-Of-cpp/tree/main/Day%2016/Programming/Day%2016.8,22,1
